<dialogues>

	<npc id ="0">
		<!--this is the sign in the tutorial, and completes the first tutorial quest -->
		<node id ="0">
			<npc_text text ="Do you want to read a breaf tutorial of the controls of the game?"/>
			<option id="0" nextNodeId="1" text="Yeah sure!" missionId="-1"/>
			<option id="1" nextNodeId="-1" text="Nah" missionId="1"/>  <!--change to -1 before deliver -->
		</node>
		<node id ="1">
			<npc_text text ="First you probably have already discovered that you move with WASD"/>
			<option id="0" nextNodeId="2" text="Yep" missionId="-1"/>
		</node>
		<node id ="2">
			<npc_text text =" And also discovered that you interact with things in the overworld with E"/>
			<option id="0" nextNodeId="3" text="Yep" missionId="-1"/>
		</node>
		<node id ="3">
			<npc_text text ="But you probably don't know that to open the quests menu is with O"/>
			<option id="0" nextNodeId="4" text="Oh nice!" missionId="-1"/>
		</node>
		<node id ="4">
			<npc_text text ="And also to open the inventory and stats is with I"/>
			<option id="0" nextNodeId="5" text="Damn!" missionId="-1"/>
		</node>
		<node id ="5">
			<npc_text text ="To end use esc to go to the pause menu with options and all that stuff"/>
			<option id="0" nextNodeId="6" text="prrrfct" missionId="-1"/>
		</node>
		<node id ="6">
			<npc_text text ="Feel free to check this sign whenever you want it will be all over the world"/>
			<option id="0" nextNodeId="-1" text="Thanks!, Bye!" missionId="1"/>
		</node>
		<node id ="-1">
			<!-- Keep this here to avoid crashes -->
			<npc_text text ="Press enter to back"/>
		</node>
	</npc>

	<!-- Next NPC -->
	
	<npc id ="1">  <!-- this is the village cat, and gives the moving rocks quest -->
		<node id ="0">
			<npc_text text ="Hello!, felllow soldier I Need you to do something for me"/>
			<option id="0" nextNodeId="1" text="Wha what is it guardian kun..." missionId="-1"/>
			<option id="1" nextNodeId="4" text="I don't give crap" missionId="-1"/>
		</node>
		<node id ="1">
			<npc_text text ="As you might know there has been some rockslides in the area next to the town"/>
			<option id="0" nextNodeId="2" text="Yes, I know what can i do to solve it?" missionId="-1"/>
			<option id="1" nextNodeId="3" text="Yes, I'm sure its Ada Colau's fault as everything." missionId="-1"/>
		</node>
		<node id="2">
			<npc_text text ="I need you to clean the rocks in order to acces the city, figure it on your own. Follow the path to get to it."/>
			<option id="0" nextNodeId ="-1" text="Alright, I'mma get to it" missionId="0"/>
		</node>
		<node id="3">
			<npc_text text="Yes, whatever I need you to clean it figure it on your own. Follow the path to get to it."/>
			<option id="0" nextNodeId="-1" text="Alright, I'mma get to it" missionId="0"/>
		</node>
		<node id="4">
			<npc_text text="Your in home arrest for 3 days soldier!"/>
			<option id="0" nextNodeId="-1" text="Whatever you say." missionId="-1"/>
			<option id="1" nextNodeId="-1" text="Sure sure." missionId="-1"/>
		</node>
		<node id ="-1"> <!-- Keep this here to avoid crashes -->
			<npc_text text ="Press enter to back"/>
		</node>
	</npc>
	
	<!-- Next NPC -->

	<npc id ="3">
		<!-- this is the contrabandist, and gives the sidequest of collecting things -->
		<node id ="0">
			<npc_text text ="collect things"/>
			<option id="0" nextNodeId="1" text="ok" missionId="-1"/>
		</node>
		
		<node id ="-1">
			<!-- Keep this here to avoid crashes -->
			<npc_text text ="Press enter to back"/>
		</node>
	</npc>

	<!-- Next NPC -->
	
</dialogues>