<dialogues>

	<npc id ="0">
		<!--this is the sign in the tutorial, and completes the first tutorial quest -->
		<node id ="0">
			<npc_text text ="Do you want to read a breaf tutorial of the controls of the game?"/>
			<option id="0" nextNodeId="1" text="Yeah sure!" missionId="-1"/>
			<option id="1" nextNodeId="-1" text="Nah" missionId="1" sideMissionId="-1"/>
			<!--change to -1 before deliver -->
		</node>
		<node id ="1">
			<npc_text text ="First you probably have already discovered that you move with WASD"/>
			<option id="0" nextNodeId="2" text="Yep" missionId="-1" sideMissionId="-1"/>
		</node>
		<node id ="2">
			<npc_text text =" And also discovered that you interact with things in the overworld with E"/>
			<option id="0" nextNodeId="3" text="Yep" missionId="-1" sideMissionId="-1"/>
		</node>
		<node id ="3">
			<npc_text text ="But you probably don't know that to open the quests menu is with O"/>
			<option id="0" nextNodeId="4" text="Oh nice!" missionId="-1" sideMissionId="-1"/>
		</node>
		<node id ="4">
			<npc_text text ="And also to open the inventory and stats is with I"/>
			<option id="0" nextNodeId="5" text="Damn!" missionId="-1" sideMissionId="-1"/>
		</node>
		<node id ="5">
			<npc_text text ="To end use esc to go to the pause menu with options and all that stuff"/>
			<option id="0" nextNodeId="6" text="prrrfct" missionId="-1" sideMissionId="-1"/>
		</node>
		<node id ="6">
			<npc_text text ="Feel free to check this sign whenever you want it will be all over the world"/>
			<option id="0" nextNodeId="-1" text="Thanks!, Bye!" missionId="1" sideMissionId="-1"/>
		</node>
		<node id ="-1">
			<!-- Keep this here to avoid crashes -->
			<npc_text text ="Press enter to back"/>
		</node>
	</npc>

	<!-- Next NPC -->

	<npc id ="1">
		<!-- this is the village cat, and gives the moving rocks quest -->
		<node id ="0">
			<npc_text text ="Hello!, felllow soldier I Need you to do something for me"/>
			<option id="0" nextNodeId="1" text="Yeah tell me" missionId="-1" sideMissionId="-1"/>
			<option id="1" nextNodeId="-1" text="Sorry I don't have time right now" missionId="-1" sideMissionId="-1"/>
		</node>
		<node id ="1">
			<npc_text text ="As you might know there has been some rockslides in the area next to the town"/>
			<option id="0" nextNodeId="2" text="Yes, I know what can I do to solve it?" missionId="-1" sideMissionId="-1"/>
		</node>
		<node id="2">
			<npc_text text ="I need you to clean the rocks in order to acces the city, figure it on your own. Follow the path to get to it."/>
			<option id="0" nextNodeId ="-1" text="Alright, I'mma get to it" missionId="-1" sideMissionId="-1"/>
		</node>
		<node id ="-1">
			<!-- Keep this here to avoid crashes -->
			<npc_text text ="Press enter to back"/>
		</node>
	</npc>

	<!-- Next NPC -->

	<npc id ="3">
		<!-- this is the contrabandist, and gives the sidequest of collecting things -->
		<node id ="0">
			<npc_text text ="Pssst Pssst"/>
			<option id="0" nextNodeId="1" text="What?" missionId="-1" sideMissionId="-1"/>
		</node>
		<node id ="1">
			<npc_text text ="Do you want to gain some money and Items?"/>
			<option id="0" nextNodeId="2" text="I mean yeah for sure" missionId="-1" sideMissionId="-1"/>
			<option id="1" nextNodeId="-1" text="No, thank you" missionId="-1" sideMissionId="-1"/>
		</node>
		<node id ="2">
			<npc_text text ="Then I need you to collect some... let's say goods"/>
			<option id="0" nextNodeId="3" text="hmm okay but it isn't something illegal right?" missionId="-1" sideMissionId="-1"/>
		</node>
		<node id ="3">
			<npc_text text ="Nah don't worry you just have to collect the fishes that you find around town, if i'm not wrong there are around 5"/>
			<option id="0" nextNodeId="4" text="Hmm okay sure but what do I get in return?" missionId="-1" sideMissionId="-1"/>
		</node>
		<node id ="4">
			<npc_text text ="Ooh don't worry about that I'll pay you one full gold coin that you will be able to trade in the store, we have a deal? "/>
			<option id="0" nextNodeId="5" text="Hmm okay we have a deal" missionId="-1" sideMissionId="-1"/>
		</node>
		<node id ="5">
			<npc_text text ="But remember, you didn't see me here"/>
			<option id="0" nextNodeId="-1" text="ok" missionId="-1" sideMissionId="0"/>
		</node>

		<node id ="-1">
			<!-- Keep this here to avoid crashes -->
			<npc_text text ="Press enter to back"/>
		</node>
	</npc>

	<!-- Next NPC -->

	<npc id ="4">
		<!-- this is the contrabandist in the city after finishing the collecting quest -->
		<node id ="0">
			<npc_text text ="Thanks for collecting all my shit, remember don't tell anybody that I was here"/>
			<option id="0" nextNodeId="-1" text="Ok" missionId="-1" sideMissionId="-1"/>
		</node>

		<node id ="-1">
			<!-- Keep this here to avoid crashes -->
			<npc_text text ="Press enter to back"/>
		</node>
	</npc>

	<!-- Next NPC -->

	<npc id ="5">
		<!-- this is the villager cat after completing the moving rocks quest -->
		<node id ="0">
			<npc_text text ="Thanks for moving the rocks out of the way now we can travel to the city easily"/>
			<option id="0" nextNodeId="-1" text="No problem" missionId="-1" sideMissionId="-1"/>
		</node>

		<node id ="-1">
			<!-- Keep this here to avoid crashes -->
			<npc_text text ="Press enter to back"/>
		</node>
	</npc>

	<!-- Next NPC -->

</dialogues>